false;1;Der Kolumbusfalter;09.10.1967;LTB;Der Kolumbusfalter und andere Abenteuer 
false;2;Das ewige Feuer;01.01.1968;LTB;Hallo...Hier Micky!
false;3;Der Gürtel aus dem Morgenland;01.01.1968;LTB;Onkel Dagoberts Millionen
false;4;In geheimer Mission;01.01.1968;LTB;Donald, der König des Wilden Westens!
false;5;Allein auf einer Insel;01.01.1968;LTB;Onkel Dagobert bleibt Sieger
false;6;Die Reise zum Mond;01.01.1968;LTB;Micky-Parade
false;7;Auf der Suche nach dem Füllhorn;01.01.1969;LTB;Donald in 1000 Nöten
false;8;Der fliegende Schotte;01.01.1969;LTB;Donald gibt nicht auf
false;9;Die Piraten des gelben Meeres;01.01.1969;LTB;Micky ist der Größte
false;10;Aladins Grotte;01.01.1969;LTB;Mit Onkel Dagobert auf Weltreise
false;11;Der rätselhafte Eisberg;01.01.1970;LTB;Hexenzauber mit Micky und Goofy
false;12;Die grünen Steine der Gapas-Gapas;01.01.1970;LTB;Donald in Hypnose
false;13;Der Mann aus Ping-Pong;01.01.1970;LTB;Micky in Gefahr!
false;14;Die Dampfwalzen-Ralley;01.01.1970;LTB;Donald sucht Streit
false;15;Der Diamantenkaiser;01.01.1971;LTB;Abenteuer mit Micky und Goofy
false;16;Die Reise um die Welt;01.01.1971;LTB;Donald in 1000 und einer Nacht
false;17;Die Wikinger Expedition;01.01.1971;LTB;Micky und Minni
false;18;Gekreuzte Klingen;01.01.1971;LTB;Donald ist unschlagbar
false;19;Das falsche Gold;01.01.1972;LTB;Pech für die Panzerknacker
false;20;Der Hahn aus Mexiko;26.05.1972;LTB;Onkel Dagobert sieht rot
false;21;Das Gold-Elixier;08.08.1972;LTB;7:0 für Onkel Dagobert
false;22;Der alte Pirat;13.12.1972;LTB;Donald auf großer Fahrt
false;23;In Kaiser Dagokarls Diensten;01.01.1973;LTB;Ritter Donald ist der Beste
false;24;Die Platinquelle;21.05.1973;LTB;Donald geht ein Licht auf
false;25;Der Zebra-Diamant;02.08.1973;LTB;Tick, Trick und Track räumen auf
false;26;Der wildgewordene Doppelgänger;12.11.1973;LTB;Onkel Dagobert schafft's allein
false;27;Beim König der Meere;18.02.1974;LTB;Donald der Große
false;28;Die Kanten-Amphore;06.05.1974;LTB;Wer wagt, gewinnt
false;29;Das kostbare Korallen-Känguruh;01.07.1974;LTB;Micky der Westernheld
false;30;Die Gelbfuß-Indianer;09.09.1974;LTB;Hier geht's rund
false;31;Die rigorose Räumungsklage;04.11.1974;LTB;Unverhofft kommt oft
false;32;Villa zu vermieten!;10.02.1975;LTB;Donald im Glück
false;33;Der Schatz des Odysseus;14.04.1975;LTB;Ein Milliardär hat´s schwer
false;34;Der Mann im Mond;01.05.1975;LTB;Supermicky
false;35;Bräutigam wider Willen;11.08.1975;LTB;Aus Onkel Donalds Memoiren
false;36;Der Rasende Kurier;13.10.1975;LTB;Onkel Donald auf heißer Spur
false;37;Ein harter Kampf;24.11.1975;LTB;Ehrlich spart am längsten
false;38;Die durchsichtigen Berge;09.02.1976;LTB;Donald hier - Donald da...
false;39;Der Hexen-Blitzableiter;12.04.1976;LTB;Eins, zwei, drei - große Hexerei
false;40;Der Kompaß des großen Khan;14.06.1976;LTB;Auf geht´s Micky!
false;41;Jetzt kommt Phantomias!;09.08.1976;LTB;Donald mal ganz anders
false;42;Flug ins Ungewisse;01.10.1976;LTB;Micky denkt am schnellsten
false;43;Der Schatz des Pharaos;22.11.1976;LTB;Unterwegs in Sachen Gold
false;44;Phantomias ist wieder da!;01.01.1977;LTB;Phantomias fliegt wieder
false;45;Die Weltraum-Kur;01.01.1977;LTB;Bahn frei für Donald
false;46;Das Geheimnis des hohlen Berges;01.01.1977;LTB;Micky hat den Bogen raus
false;47;Abenteuer in Mexiko;01.06.1977;LTB;Hoppla, die Ducks kommen!
false;48;Der rote Drache;11.07.1977;LTB;Volltreffer für Micky
false;49;Der Kalif des Halbmonds;12.09.1977;LTB;Ohne Fleiß kein Preis
false;50;Das verflixte Elixier;14.11.1977;LTB;Dagobert gewinnt immer
false;51;König Drachoberts Dukaten;09.01.1978;LTB;Kopf hoch, Donald!
false;52;In geheimer Mission;01.03.1978;LTB;Micky immer auf Achse
false;53;Die Bombastium-Expedition;24.04.1978;LTB;Dagobert, der Milliardenakrobat
false;54;Die grüne Sphinx;05.06.1978;LTB;Micky, der Meisterdetektiv
false;55;Der Löwenbändiger;10.07.1978;LTB;Dagobert macht Geschichten
false;56;Atlantis in Gefahr;11.09.1978;LTB;Achtung-Fertig-Los!
false;57;Phantomias gegen Phantomime;23.11.1978;LTB;Phantomias gegen Phantomime
false;58;Donald, Prinz von Duckenmark;08.01.1979;LTB;Donald, der Held des Tages
false;59;Die Zauberschuhe;12.03.1979;LTB;Frisch erzählt ist halb gewonnen
false;60;Bei den Nachtwandler-Indianern;07.05.1979;LTB;Donald ohne Furcht und Tadel
false;61;Unternehmen Kürbisan;11.06.1979;LTB;Ohne Donald geht es nicht
false;62;Das doppelte Geheimnis des Schwarzen Phantoms;09.07.1979;LTB;Micky auf Gespensterjagd
false;63;Der Zauberrubin;10.09.1979;LTB;Micky, der rasende Reporter
false;64;Düsentrieb unter Verdacht;12.11.1979;LTB;Onkel Dagoberts Traumreisen
false;65;Der schurkische Magnetofix;14.01.1980;LTB;Spaß mit Micky und Minni
false;66;Kampf um die Reistafel;10.03.1980;LTB;Donald dreht durch
false;67;Auf den Spuren der Indianer;12.05.1980;LTB;Micky Maus - Superstar
false;68;Die Watschenkappe von Oja;09.06.1980;LTB;Alles Gute, Donald!
false;69;Der Südsee-Yeti;14.07.1980;LTB;Dagoberts große Schau
false;70;Helden des Weltraums;15.09.1980;LTB;Rund um die Welt mit Micky Maus
false;71;Abenteuer in Taba-Taba;10.11.1980;LTB;Die Geschäfte des Onkel Dagobert
false;72;Der Geist aus der Ming-Vase;12.01.1981;LTB;Viel Lärm um Donald
false;73;Das falsche Gespenst;09.03.1981;LTB;Micky greift ein
false;74;Linsen aus Babylonien;11.05.1981;LTB;Der Stolz der Familie
false;75;Phantomias greift durch!;15.06.1981;LTB;Ferien mit Phantomias
false;76;Die Kralle der Kali;13.07.1981;LTB;Ein Fall für Micky
false;77;Agent QQ7;14.09.1981;LTB;Gestatten, mein Name ist Duck!
false;78;Gefährliche Versteckspiele;09.11.1981;LTB;Onkel Dagobert gibt sich die Ehre
false;79;Gnadenlose Gegner;11.01.1982;LTB;Onkel Dagobert auf Taler-Safari
false;80;Ärger mit den Vorfahren;08.03.1982;LTB;Fantastische Geschichten mit Micky
false;81;Der Kampf ums Gold;10.05.1982;LTB;Donald im Rampenlicht
false;82;Das erste Fussballspiel der Welt;14.06.1982;LTB;Donald vor! Noch ein Tor!
false;83;Phantomias und die Schwarze Maske;12.07.1982;LTB;Phantomias bittet zum Tanz
false;84;Der Autoklau geht um;13.09.1982;LTB;Mit Volldampf ins Abenteuer
false;85;Der Zauberwald;15.11.1982;LTB;Ein Hoch auf Donald Duck
false;86;Ein gefährlicher Auftrag;10.01.1983;LTB;Aus dem Leben eines Milliardärs
false;87;Das grüne Feuer;14.03.1983;LTB;Micky ist wieder da!
false;88;Der schwarze Korsar;19.05.1983;LTB;Donald sticht in See
false;89;Onkel Dagobert hoch drei;13.06.1983;LTB;Der Boß bin ich!
false;90;Mondbasis in Gefahr!;11.07.1983;LTB;Mickys Mondfahrt
false;91;Das singende Totem;12.09.1983;LTB;Der Weg zum Erfolg
false;92;Der Siegerkuss;14.11.1983;LTB;Donalds bunte Welt
false;93;Glanz und Gloria derer von Duck;09.01.1984;LTB;Die Macht des Goldes
false;94;Unter falschem Verdacht;12.03.1984;LTB;Micky groß in Form
false;95;Der sprechende Zauberberg;07.05.1984;LTB;Onkel Dagobert erzählt
false;96;Ungeahnte Talente;01.06.1984;LTB;Donald bleibt auf Kurs
false;97;Die heiße Spur;06.07.1984;LTB;Olympisches Allerlei
false;98;Die verschwundenen Raketen;03.08.1984;LTB;Vorhang auf für Micky und Gamma
false;99;Der blaue Fluch;07.09.1984;LTB;Onkel Dagobert schwimmt im Geld
false;100;Jubiläumsausgabe;09.11.1984;LTB;Ein Fest für Donald
false;101;Donald setzt sich durch;04.01.1985;LTB;Dicke Luft im Hause Duck
false;102;Hut ab vor Phantomias!;22.02.1985;LTB;Du bist ein As, Phantomias!
false;103;Südseeträume;04.04.1985;LTB;Der Duck Clan
false;104;Der magische Zylinder;24.05.1985;LTB;Dagobert das Finanzgenie
false;105;Andere Länder, andere Sitten;05.07.1985;LTB;Ich bin die Nummer Eins
false;106;Der Tüpfelwal;23.08.1985;LTB;Donald der Tausendsassa
false;107;Der makabre Magier;11.10.1985;LTB;Wer zuletzt lacht...
false;108;Künstlerpech;29.11.1985;LTB;Donald ist im Bilde
false;109;Das Lied der Prärie;10.01.1986;LTB;
false;110;Gittas Zauberkünste;21.02.1986;LTB;Donald ist mein Typ
false;111;Das Zauberwasser;04.04.1986;LTB;Dagobert dreht voll auf
false;112;Goofy Holmes;16.05.1986;LTB;Mit Pauken und Trompeten
false;113;Die Goldsonde;04.07.1986;LTB;Manege frei für Donald Duck
false;114;Die Trompeter von Fort Attacke;15.08.1986;LTB;Rallye Entenhausen
false;115;Millionen mit Melonen;30.09.1986;LTB;Riesenspaß beim Ringelpiez
false;116;Onkel Dagobert auf Abwegen;28.11.1986;LTB;Ohne Netz und doppelten Boden
false;117;Die Ducks... vom Winde verweht;13.01.1987;LTB;
false;118;Der große Preis vom Erpelheimring;03.03.1987;LTB;Donald der Weltenbummler
false;119;Im Lande Liliput;21.04.1987;LTB;Fern von Entenhausen
false;120;Die Lichterkrone;09.06.1987;LTB;Entenhausener Wunschkonzert
false;121;Der vergessene Schrein;21.07.1987;LTB;Phantomias und seine Freunde
false;122;Krieg und Frieden;01.09.1987;LTB;Querfeldein über Stock und Stein
false;123;Christoph Kolumbus;13.10.1987;LTB;Onkel Dagobert lebe hoch!
false;124;Das gläserne Schwert;01.12.1987;LTB;Wettlauf ins Ungewisse
false;125;Entführt!;12.01.1988;LTB;Freie Fahrt für Phantomias
false;126;Eine tolle Erfindung;01.03.1988;LTB;Donald, der Pechvogel
false;127;Die Bergung der Gigantic;19.04.1988;LTB;Die Ducks auf Abwegen
false;128;Der Duft des Geldes;07.06.1988;LTB;Goldregen bringt Segen
false;129;Die Klima-Krise;19.07.1988;LTB;Einer spielt falsch!
false;130;Olympisches Feuer;30.08.1988;LTB;Olympisches Fieber
false;131;Herzlichen Glückwunsch, Micky!;11.10.1988;LTB;60 Jahre Micky!
false;132;Im Reich der Sterne;29.11.1988;LTB;
false;133;Attila, der Hunnenkönig;10.01.1989;LTB;
false;134;Der schwebende Geldspeicher;28.02.1989;LTB;
false;135;Kampf um den Mondsand;11.04.1989;LTB;
false;136;Heisses Gold;23.05.1989;LTB;
false;137;Das güldene Fass;04.07.1989;LTB;
false;138;Ein aufdringlicher Begleiter;15.08.1989;LTB;
false;139;Invasion der Robot-Eulen;26.09.1989;LTB;
false;140;Der ewige Zweite...;21.11.1989;LTB;
false;141;Der Tiger von Masalia;09.01.1990;LTB;
false;142;Goldene Träume;20.02.1990;LTB;
false;143;Das Geheimnis der Silberleuchter;27.02.1990;LTB;
false;144;Der Geist des Mandarins;20.03.1990;LTB;Phantomias und Bubble Billy
false;145;Das Talermonster;24.04.1990;LTB;
false;146;Sportlich, sportlich...;22.05.1990;LTB;Die Sportskanonen
false;147;Das geheimnisvolle Geisterhaus;19.06.1990;LTB;Gold unter Wasser
false;148;Der magische Ring;24.07.1990;LTB;
false;149;Phantomias und das Indianerland;21.08.1990;LTB;Der goldene Krieger
false;150;Jubiläums Ausgabe 150;18.09.1990;LTB;
false;151;Der Dimensionssprung;23.10.1990;LTB;
false;152;Der Unglücksbringer;20.11.1990;LTB;
false;153;Der Schatz der Teufelszinne;18.12.1990;LTB;
false;154;Phantomias und die Dünnli-Diät;22.01.1991;LTB;
false;155;Abenteuer im Regenwald;19.02.1991;LTB;
false;156;Antike Geschäfte;19.03.1991;LTB;
false;157;Phantomias jagt Spectaculus;23.04.1991;LTB;
false;158;Der indische Tempel;21.05.1991;LTB;
false;159;Das Geheimis von Paris;18.06.1991;LTB;
false;160;Der wahre Pioniergeist;23.07.1991;LTB;Das Geheimnis von Paris
false;161;Der Hexentaler;20.08.1991;LTB;
false;162;Der goldene Totempfahl;17.09.1991;LTB;
false;163;Das Schloss der Glenna O`Duck;22.10.1991;LTB;
false;164;Der Schmutzgeier schlägt zu;19.11.1991;LTB;
false;165;Der dreizähnige Drache;17.12.1991;LTB;
false;166;Auf König Midas`Spuren;14.01.1992;LTB;
false;167;Die sieben Weltwunder;11.02.1992;LTB;
false;168;Kampf der Galaxien;10.03.1992;LTB;
false;169;Die schwimmende Insel;04.04.1992;LTB;
false;170;Eine Braut zuviel;12.05.1992;LTB;
false;171;Der Schmutzgeier ist wieder da;09.06.1992;LTB;
false;172;25 tolle Jahre;23.06.1992;LTB;
false;173;Grrrr!;14.07.1992;LTB;
false;174;Olympia in Entenhausen;11.08.1992;LTB;
false;175;Jubiläums-Ausgabe;08.09.1992;LTB;
false;176;Das Tal der sieben Sonnen;13.10.1992;LTB;
false;177;Die Jagd auf Karte Nr.1;10.11.1992;LTB;
false;178;Der verhinderte Entdecker;09.12.1992;LTB;
false;179;Die neue Statue;12.01.1993;LTB;
false;180;Die rätselhaften Zwillingsvölker;09.02.1993;LTB;
false;181;Der Traum vom Großen Onkel;09.03.1993;LTB;
false;182;Die Suche nach dem Feuer;13.04.1993;LTB;
false;183;Die Zauberglocke;11.05.1993;LTB;
false;184;Eine Fantastische Reise;08.06.1993;LTB;
false;185;Das Wunderpferd;13.07.1993;LTB;
false;186;Graf Frost und das Zepter der Zeit;10.08.1993;LTB;
false;187;Der Held der Pharaonen;14.09.1993;LTB;
false;188;Die Perle der Südsee;12.10.1993;LTB;
false;189;Abenteuer in Absurdistan;09.11.1993;LTB;
false;190;Prallball im Weltall;14.12.1993;LTB;
false;191;Phantomias auf Abwegen?;11.01.1994;LTB;
false;192;Der Wüstenwurm;08.02.1994;LTB;
false;193;Der Gelbe Baron und sein Elastilon;08.03.1994;LTB;
false;194;Das Elexier der ewigen Jugend;12.04.1994;LTB;
false;195;Der Wildbach-Marathon;03.05.1994;LTB;
false;196;60 Jahre Superstar;17.05.1994;LTB;
false;197;Drachengold;07.06.1994;LTB;
false;198;Das grüne Gewissen;12.07.1994;LTB;
false;199;Abenteuer in Pyramontanien;09.08.1994;LTB;
false;200;Jubiläums-Ausgabe;13.09.1994;LTB;
false;201;Das Hexenlicht;11.10.1994;LTB;
false;202;Ein wahrer Held;08.11.1994;LTB;
false;203;Der Ritter ohne Furcht und Adel;13.12.1994;LTB;
false;204;Der Palast des Dagomesch;10.01.1995;LTB;
false;205;Die Adelsprüfung;07.02.1995;LTB;
false;206;Im Indianderland;07.03.1995;LTB;
false;207;Der Prügelknabe;04.04.1995;LTB;
false;208;Die Wächter der Zeit;02.05.1995;LTB;
false;209;Der gewaltige Zing Zong;06.06.1995;LTB;
false;210;Eine tolle Entdeckung;04.07.1995;LTB;
false;211;Der Glücksstern;01.08.1995;LTB;
false;212;Wo ist Onkel Dagobert?;05.09.1995;LTB;
false;213;Die Verlorene Welt;03.10.1995;LTB;
false;214;Der Dieb von Bagdad;07.11.1995;LTB;
false;215;Donleon der Schreckliche;05.12.1995;LTB;
false;216;Der doppelte Dagobert;09.01.1996;LTB;
false;217;Die Formel des Reichtums;06.02.1996;LTB;
false;218;Die Glückstaler-Allergie;05.03.1996;LTB;
false;219;Der Zauber-Zylinder;02.04.1996;LTB;
false;220;Das Geheimnis des 313;30.04.1996;LTB;
false;221;Das Buch der Wünsche;28.05.1996;LTB;
false;222;Der erste Held von Olympia;25.06.1996;LTB;
false;223;Die Zeitwanne;23.07.1996;LTB;
false;224;Schwebende Schurken;20.08.1996;LTB;
false;225;Jubiläums-Ausgabe;17.09.1996;LTB;
false;226;Der Geist aus der Kanne;15.10.1996;LTB;
false;227;Scherben bringen Glück;12.11.1996;LTB;
false;228;Der Goldene Preis;10.12.1996;LTB;
false;229;Der Gangsterschatz;07.01.1997;LTB;
false;230;30 Jahre Lustiges Taschenbuch;21.01.1997;LTB;
false;231;Phantomias und die Zauberer;04.02.1997;LTB;
false;232;Das Stimmwunder;04.03.1997;LTB;
false;233;Zeit ist Geld!;01.04.1997;LTB;
false;234;Die Jagd nach dem Sumpfmonster;06.05.1997;LTB;
false;235;Der Schulbusfahrer;03.06.1997;LTB;
false;236;50 Jahre Onkel Dagobert;01.07.1997;LTB;
false;237;Im Land der Saurier;05.08.1997;LTB;
false;238;Phantomias enttarnt?;02.09.1997;LTB;
false;239;60 turbulente Jahre mit Tick, Trick und Track;07.10.1997;LTB;
false;240;Die glorreiche Gänse-Garde;04.11.1997;LTB;
false;241;Achtung, Aufnahme!;02.12.1997;LTB;
false;242;Wettlauf der Erben;06.01.1998;LTB;
false;243;Heisse Tage in Afrika;03.02.1998;LTB;
false;244;Der Schatz der Geisterberge;03.03.1998;LTB;
false;245;Der Regenmacher;31.03.1998;LTB;
false;246;Falsches Spiel mit Phantomias;28.04.1998;LTB;
false;247;Donaldo der Ballzauberer;26.05.1998;LTB;
false;248;Gefangen im Fürchteforst;23.06.1998;LTB;
false;249;Der verrückte Professor;21.07.1998;LTB;
false;250;Jubiläumsausgabe;18.08.1998;LTB;
false;251;Schatzsuche im Eis;15.09.1998;LTB;
false;252;Happy Birthday, Micky!;01.10.1998;LTB;
false;253;Das grosse Wagenrennen;10.11.1998;LTB;
false;254;Geschäfte in Transsylvanien;08.12.1998;LTB;
false;255;Donald in Aktion;05.01.1999;LTB;
false;256;Die Vulkaninsel;02.02.1999;LTB;
false;257;Der Zauberer von Hokapoka;08.03.1999;LTB;
false;258;Der Waldgeist;30.03.1999;LTB;
false;259;Die grosse Flut;27.04.1999;LTB;
false;260;Der Alptraum-Abwasch;25.05.1999;LTB;
false;261;Donald Duck - King of Comics;22.06.1999;LTB;
false;262;Dämonische Doppelgänger;20.07.1999;LTB;
false;263;Eine irrwitzige Irrfahrt;17.08.1999;LTB;
false;264;30 Jahre Fantastische Abenteuer mit Phantomias;14.09.1999;LTB;
false;265;Rennfahrer wider Willen;12.10.1999;LTB;
false;266;Ferien am Südpol;09.11.1999;LTB;
false;267;Ab ins Jahr 2000!;07.12.1999;LTB;
false;268;Jetzt schlägts 2000;04.01.2000;LTB;
false;269;Die Lichtdiebe von Kristalon;01.02.2000;LTB;
false;270;Der Niesende Geldsack;29.02.2000;LTB;
false;271;Donald Donnerson auf großer Fahrt;28.03.2000;LTB;
false;272;Die Wunderblume;25.04.2000;LTB;
false;273;Kleine Sensationen;23.05.2000;LTB;
false;274;Im Fussballfieber;20.06.2000;LTB;
false;275;Das Nest im Weltraum;18.07.2000;LTB;
false;276;Ein tolles Hobby;15.08.2000;LTB;
false;277;Dabei sein ist alles!;12.09.2000;LTB;
false;278;Der König der Tiefe;10.10.2000;LTB;
false;279;Eine lästige Allergie;01.11.2000;LTB;
false;280;Der Herr des Dschungels;05.12.2000;LTB;
false;281;Gefangen in Darkmoor;02.01.2001;LTB;
false;282;Am Anfang war das Eis;01.02.2001;LTB;
false;283;Die geheimnisvolle Maske;27.02.2001;LTB;
false;284;Ein verrücktes Pferderennen;27.03.2001;LTB;
false;285;Die Suche nach dem Super-Kraut;23.04.2001;LTB;
false;286;Unter Wölfen;22.05.2001;LTB;
false;287;Käpt'n Wirrbarts Münze;19.06.2001;LTB;
false;288;Superhelden im Doppelpack;17.07.2001;LTB;
false;289;Vertauschte Rollen;14.08.2001;LTB;
false;290;Die Monster vom Schlork;11.09.2001;LTB;
false;291;In den Fängen der Mumie;09.10.2001;LTB;
false;292;Sprung in die Zukunft;06.11.2001;LTB;
false;293;100 Jahre Walt Disney;04.12.2001;LTB;
false;294;Der Plattfuss aus den Wäldern;02.01.2002;LTB;
false;295;Gefährliche Träume;29.01.2002;LTB;
false;296;Die O.M.A. schlägt zurück;26.02.2002;LTB;
false;297;In den Klauen der Krokonen;26.03.2002;LTB;
false;298;Der Ball ist rund!;23.04.2002;LTB;
false;299;70 Jahre Superstar;21.05.2002;LTB;
false;300;300;25.06.2002;LTB;
false;301;Es kann nur einen geben!;23.07.2002;LTB;
false;302;Der listige Lampengeist;20.08.2002;LTB;
false;303;Riskanter Einsatz;17.09.2002;LTB;
false;304;Im Strudel der Zeit;15.10.2002;LTB;
false;305;Superheld im Anflug!;12.11.2002;LTB;
false;306;Onkel Dagobert blickt durch!;10.12.2002;LTB;
false;307;Glückwunsch, Glückpilz!;07.01.2003;LTB;
false;308;Gefahr aus der Tiefe;01.02.2003;LTB;
false;309;Halt den Schnabel;04.03.2003;LTB;
false;310;Der schwarze Schatten;01.04.2003;LTB;
false;311;Die rote Sonne;30.04.2003;LTB;
false;312;Die Unterwasser-Pillen;27.05.2003;LTB;
false;313;313;24.06.2003;LTB;
false;314;Ferien mit Donald Duck;22.07.2003;LTB;
false;315;Die Wunderbrille;19.08.2003;LTB;
false;316;Der Piratenschatz;16.09.2003;LTB;
false;317;Im Auge des Gesetzes;01.10.2003;LTB;
false;318;Alles Gute, Micky!;11.11.2003;LTB;
false;319;Herr der Klinge;09.12.2003;LTB;
false;320;Winterspass mit Donald Duck;05.01.2004;LTB;
false;321;Diamantenfieber;03.02.2004;LTB;
false;322;Angriff der Ameisen;02.03.2004;LTB;
false;323;Operation Omega;30.03.2004;LTB;
false;324;Der Wert des Geldes;27.04.2004;LTB;
false;325;Donald Duck - Megastar!;25.05.2004;LTB;
false;326;Typisch Donald;22.06.2004;LTB;
false;327;Bademeister Duck;20.07.2004;LTB;
false;328;Fair geht vor;17.08.2004;LTB;
false;329;Unter Hypnose;14.09.2004;LTB;
false;330;Der Supersänger;12.10.2004;LTB;
false;331;In tierischer Mission;09.11.2004;LTB;
false;332;Die Rückkehr des Rächers;07.12.2004;LTB;
false;333;333;04.01.2005;LTB;
false;334;Stromausfall in Entenhausen;01.02.2005;LTB;
false;335;Walkampf;01.03.2005;LTB;
false;336;Gefangen in der Wüste;29.03.2005;LTB;
false;337;Die Superhelden;26.04.2005;LTB;
false;338;Die Weltraumritter;24.05.2005;LTB;
false;339;Ferien mit den Ducks;21.06.2005;LTB;
false;340;Urlaubsgrüsse aus Entenhausen;19.07.2005;LTB;
false;341;Club der Milliardäre;16.08.2005;LTB;
false;342;Gefangen im Spukschloss;13.09.2005;LTB;
false;343;Ein Fall für Detektiv Duck;11.10.2005;LTB;
false;344;Phantomias gegen Leo Listig;08.11.2005;LTB;
false;345;Spaß im Schnee;06.12.2005;LTB;
false;346;Wo ist Donald Duck?;03.01.2006;LTB;
false;347;Spione wie wir!;31.01.2006;LTB;
false;348;Das Geisterhaus;28.02.2006;LTB;
false;349;Skandal in Entenhausen;28.03.2006;LTB;
false;350;Jubiläums-Ausgabe;25.04.2006;LTB;
false;351;Volltreffer;23.05.2006;LTB;
false;352;Reif für die Insel;20.06.2006;LTB;
false;353;Donald taucht ab;18.07.2006;LTB;
false;354;Das Geheimnis des Luna-Parks;15.08.2006;LTB;
false;355;Ein Hundeleben!;12.09.2006;LTB;
false;356;Sheriff gesucht;10.10.2006;LTB;
false;357;Rätsel um da Vinci;07.11.2006;LTB;
false;358;Unheimliche Erbschaft;05.12.2006;LTB;
false;359;Spion wider Willen;02.01.2007;LTB;
false;360;Spiel auf Zeit;30.01.2007;LTB;
false;361;Unter Rittern!;27.02.2007;LTB;
false;362;Auf Irrwegen;27.03.2007;LTB;
false;363;Der Ruf des Abenteuers;24.04.2007;LTB;
false;364;Glückwunsch, Goofy!;22.05.2007;LTB;
false;365;Die Insel der Piraten;19.06.2007;LTB;
false;366;Held in Badehosen;17.07.2007;LTB;
false;367;Kopfüber in den Sommer;14.08.2007;LTB;
false;368;Neffen in Gefahr!;11.09.2007;LTB;
false;369;40 Jahre Lustiges Taschenbuch;09.10.2007;LTB;
false;370;Rollentausch;06.11.2007;LTB;
false;371;Geld, Gold und Glück!;04.12.2007;LTB;
false;372;Alarm;02.01.2008;LTB;
false;373;Flucht nach Duckland;29.01.2008;LTB;
false;374;Donald blickt durch;26.02.2008;LTB;
false;375;Patient Donald Duck;25.03.2008;LTB;
false;376;Indiana Goof in: Sturz ins Abenteuer;22.04.2008;LTB;
false;377;Finale!;20.05.2008;LTB;
false;378;Endlich Ferien!;17.06.2008;LTB;
false;379;Platsch!;15.07.2008;LTB;
false;380;Ring frei!;12.08.2008;LTB;
false;381;Die dunkle Seite des Glückstalers;09.09.2008;LTB;
false;382;Welt ohne Farbe;07.10.2008;LTB;
false;383;Happy Birthday, Micky;04.11.2008;LTB;
false;384;Agent DoppelDuck;02.12.2008;LTB;
false;385;Hexenzauber;05.01.2009;LTB;
false;386;Liebe und Hiebe;03.02.2009;LTB;
false;387;Im Lesefieber!;03.03.2009;LTB;
false;388;Schurken und Scherben;31.03.2009;LTB;
false;389;Im Bann des Phantoms;28.04.2009;LTB;
false;390;Alles Gute, Donald!;26.05.2009;LTB;
false;391;Spaß am Strand;30.06.2009;LTB;
false;392;Urlaubsreif!;27.07.2009;LTB;
false;393;Mission Monster;25.08.2009;LTB;
false;394;Rasanter Einsatz;22.09.2009;LTB;
false;395;Raus aus der Krise;20.10.2009;LTB;
false;396;Duell der Giganten;17.11.2009;LTB;
false;397;Geldspeicher in Gefahr;11.12.2009;LTB;
false;398;Phantomias Superstar!;08.01.2010;LTB;
false;399;Seine erste Million;12.02.2010;LTB;
false;400;Jubiläumsausgabe;09.03.2010;LTB;
false;401;Agent ohne Angst;06.04.2010;LTB;
false;402;Glücksjäger;04.05.2010;LTB;
false;403;Cup am Kap;01.06.2010;LTB;
false;404;Sommerzeit;29.06.2010;LTB;
false;405;Urlaubszeit;27.07.2010;LTB;
false;406;Im Zwielicht;24.08.2010;LTB;
false;407;Spaß muss sein!;21.09.2010;LTB;
false;408;Phantomias taucht ab;19.10.2010;LTB;
false;409;Der Knall im All;16.11.2010;LTB;
false;410;Winterzauber;14.12.2010;LTB;
false;411;Entenhausen EISKALT!;11.01.2011;LTB;
false;412;Ausgezeichnet;08.02.2011;LTB;
false;413;Auf der Jagd;08.03.2011;LTB;
false;414;Held der Nacht;05.04.2011;LTB;
false;415;Kampf der Piraten;03.05.2011;LTB;
false;416;Reise ins Ich;31.05.2011;LTB;
false;417;Sommer...;28.06.2011;LTB;
false;418;.. Freien;26.07.2011;LTB;
false;419;Phantomias kehrt zurück;23.08.2011;LTB;
false;420;Rivalen für immer;20.09.2011;LTB;
false;421;Mission in Berlin;18.10.2011;LTB;
false;422;Die Unverbesserlichen;15.11.2011;LTB;
false;423;Sein ganzer Stolz;13.12.2011;LTB;
false;424;Donalds Lieblinge ;10.01.2012;LTB;
false;425;Agent DoppelDuck: EXTREMER EINSATZ ;07.02.2012;LTB;
false;426;Am Boden zerstört ;06.03.2012;LTB;
false;427;Total im Stress ;03.04.2012;LTB;
false;428;Enten in schwarz ;02.05.2012;LTB;
false;429;Jagd nach dem Ball;29.05.2012;LTB;
false;430;Sommer & Sonne;26.06.2012;LTB;
false;431;Strand & Meer;24.07.2012;LTB;
false;432;Abflug ins Abenteuer;21.08.2012;LTB;
false;433;Einsatz bei Nacht;18.09.2012;LTB;
false;434;Das Orakel der Mayas;16.10.2012;LTB;
false;435;Streng geheim;13.11.2012;LTB;
false;436;Enten in Rente;11.12.2012;LTB;
false;437;Gans im Glück;08.01.2013;LTB;
false;438;Einsatz in Europa;05.02.2013;LTB;
false;439;Goldene Zeiten;05.03.2013;LTB;
false;440;Ein Held für alle Fälle;02.04.2013;LTB;
false;441;Der einsame Wächter;30.04.2013;LTB;
false;442;Panzerknacker knacken wacker;28.05.2013;LTB;
false;443;Urlaub, wir kommen!;25.06.2013;LTB;
false;444;Strandvergnügen!;23.07.2013;LTB;
false;445;Ein Traum von Ferien;20.08.2013;LTB;
false;446;Sein Ein und Alles;17.09.2013;LTB;
false;447;Auf zu den Sternen;15.10.2013;LTB;
false;448;Die große Reise;12.11.2013;LTB;
false;449;Winterzeit;10.12.2013;LTB;
false;450;Jubiläumsausgabe;07.01.2014;LTB;
false;451;Eiszeit in Entenhausen;04.02.2014;LTB;
false;452;Alle gegen Einen;04.03.2014;LTB;
false;453;Die Legende des ersten Phantomias;01.04.2014;LTB;
false;454;Wem die Stunde schlägt;29.04.2014;LTB;
false;455;80 Jahre Donald Duck;27.05.2014;LTB;
false;456;Dagobert auf Tour;24.06.2014;LTB;
false;457;Die Neffen sind los!;22.07.2014;LTB;
false;458;Donald ganz cool!;19.08.2014;LTB;
false;459;Der Fluch der Farben;16.09.2014;LTB;
false;460;Gold in Gefahr!;14.10.2014;LTB;
false;461;Marsch durch Mittelwelt;11.11.2014;LTB;
false;462;Weihnachten in Gefahr!;09.12.2014;LTB;
false;463;Eiskalt erwischt!;05.01.2015;LTB;
false;464;Die Jagd nach dem Falken;03.02.2015;LTB;
false;465;Im Bann der Hexe;03.03.2015;LTB;
false;466;Phantomime kehrt zurück;31.03.2015;LTB;
false;467;Moby Duck;28.04.2015;LTB;
false;468;Der Grillmeister;26.05.2015;LTB;
false;469;Start in den Sommer;23.06.2015;LTB;
false;470;Sommer ohne Ende;21.07.2015;LTB;
false;471;Die Rückkehr des ersten Phantomias;18.08.2015;LTB;
false;472;Gnadenlose Gegner;15.09.2015;LTB;
false;473;Biss zum Morgen;13.10.2015;LTB;
false;474;ERTAPPT!;10.11.2015;LTB;
false;475;Gefährliche Galaxien;08.12.2015;LTB;
false;476;Der unverfrorene Schneemann;05.01.2016;LTB;
false;477;Diamantenfeuer;02.02.2016;LTB;
false;478;Weltweit im Einsatz;01.03.2016;LTB;
false;479;Führerschein;29.03.2016;LTB;
false;480;Der Burgermeister von Entenhausen;26.04.2016;LTB;
false;481;Elf Enten müsst ihr sein;24.05.2016;LTB;
false;482;Sprung in den Sommer;21.06.2016;LTB;
false;483;So ein Stress!;19.07.2016;LTB;
false;484;Einfach abhängen;16.08.2016;LTB;
false;485;Findet Donald;13.09.2016;LTB;
false;486;Der Ritter von Duckburg;11.10.2016;LTB;
false;487;Endlich reich?;08.11.2016;LTB;
false;488;Läuft bei mir!;06.12.2016;LTB;
false;489;Das wird ein Jahr!;03.01.2017;LTB;
false;490;Cool bleiben!;31.01.2017;LTB;
false;491;Die Schatzinsel;28.02.2017;LTB;
false;492;Die Spur der Saphire;28.03.2017;LTB;
false;493;Vereinte Kräfte;25.04.2017;LTB;
false;494;Es geht um die Wurst!;23.05.2017;LTB;
false;495;Ich packe meinen Koffer ...;20.06.2017;LTB;
false;496;Ich mache Urlaub!;18.07.2017;LTB;
false;497;Ich bin dann mal weg!;15.08.2017;LTB;
false;498;Der Drachenkämpfer;12.09.2017;LTB;
false;499;Der Kolumbusfalter kehrt zurück;10.10.2017;LTB;
false;500;Jubiläumsausgabe;17.11.2017;LTB;
false;501;Gold & Silber lieb ich sehr!;05.12.2017;LTB;
false;502;Gefahr auf hoher See;02.01.2018;LTB;
false;503;Auf die Piste, fertig, los!;30.01.2018;LTB;
false;504;Der Superschleim;27.02.2018;LTB;
false;505;Zutritt verboten!;27.03.2018;LTB;
false;506;Tatort Entenhausen;24.04.2018;LTB;
false;507;Auf zum Titel!;22.05.2018;LTB;
false;508;Einfach entspannen!;19.06.2018;LTB;
false;509;Extrem erfrischen!;17.07.2018;LTB;
false;510;Die Rache des Pharao;14.08.2018;LTB;
false;511;Gauner im Goldrausch;11.09.2018;LTB;
false;512;Duckenstein;09.10.2018;LTB;
false;513;90 Jahre Micky;06.11.2018;LTB;
false;514;Der große Wurf;04.12.2018;LTB;
false;515;Die Cyberbrille;02.01.2019;LTB;
false;516;Frost in der Post;29.01.2019;LTB;
false;517;Gute Besserung!;26.02.2019;LTB;
false;518;Das Schlaue Buch in Gefahr;26.03.2019;LTB;
false;519;Die Bestie von Duckenburgh;23.04.2019;LTB;
false;520;85 Jahre Donald Duck;21.05.2019;LTB;
false;521;50 Jahre Phantomias;18.06.2019;LTB;
false;522;Sommerferien auf dem Mond;16.07.2019;LTB;
false;523;Die Ducks auf Kreuzfahrt;13.08.2019;LTB;
false;524;Mission DoppelDuck;10.09.2019;LTB;
false;525;Ein gefährlicher Gegner;08.10.2019;LTB;
false;526;Jagd durch Berlin;05.11.2019;LTB;
false;527;Unter Schneemännern;03.12.2019;LTB;
false;528;Die Saga beginnt;07.01.2020;LTB;
false;529;Neue Helden;04.02.2020;LTB;
false;530;Das Geheimnis meines Erfolgs;03.03.2020;LTB;
false;531;Keine Zeit zu Lachen;31.03.2020;LTB;
false;532;Der Wünsch-o-Mat;28.04.2020;LTB;
false;533;Alles auf Anfang;26.05.2020;LTB;
false;534;Einfach mal abtauchen;23.06.2020;LTB;
false;535;Planlos im Paradies;21.07.2020;LTB;
false;536;Erzfeinde;18.08.2020;LTB;
false;537;313 neue Nachrichten;15.09.2020;LTB;
false;538;Der Fluch der Hexe;13.10.2020;LTB;
false;539;Zurück am Tatort Entenhausen;10.11.2020;LTB;
false;540;Zank & Zoff;08.12.2020;LTB;
false;541;Der Schatz der Pinguine;05.01.2021;LTB;
false;542;Wohin des Weges, Phantomias?;02.02.2021;LTB;
false;543;Mission Galaxis;02.03.2021;LTB;
false;544;Fast schon zu furios!;30.03.2021;LTB;
false;545;Die Duckyssee;27.04.2021;LTB;
false;546;Anpfiff in Europa;25.05.2021;LTB;
false;547;Ab ans Meer;22.06.2021;LTB;
false;548;Höher schneller weiter;20.07.2021;LTB;
false;549;Unter Dinos;17.08.2021;LTB;
false;550;Reise zur Erdmitte;14.09.2021;LTB;
false;551;Gefahr für Micky;12.10.2021;LTB;
false;552;70 Jahre Panzerknacker;09.11.2021;LTB;
false;553;Wie alles begann...;07.12.2021;LTB;
false;1;Die Stunde des Phantomias;29.08.2000;LTB Enten Edition;
false;2;Aus dem Leben des Milliardärs;21.06.2001;LTB Enten Edition;
false;3;Die Abenteuer der Ducks;01.01.2001;LTB Enten Edition;
false;4;Mitternacht in Entenhausen;14.03.2002;LTB Enten Edition;
false;5;Auf Schatzsuche;10.10.2002;LTB Enten Edition;
false;6;Eine fantastische Familie;20.02.2003;LTB Enten Edition;
false;7;Rivalen fürs Leben;08.05.2003;LTB Enten Edition;
false;8;Doppelleben;07.08.2003;LTB Enten Edition;
false;9;Große Gefühle;12.02.2004;LTB Enten Edition;
false;10;Im Reisefieber;06.05.2004;LTB Enten Edition;
false;11;Dynastie Duck;05.08.2004;LTB Enten Edition;
false;12;Phantomias - wie alles begann...;10.02.2005;LTB Enten Edition;
false;13;Donald der Pechvogel;12.05.2005;LTB Enten Edition;
false;14;Der Glückstaler;04.08.2005;LTB Enten Edition;
false;15;Ein tolles Trio;23.02.2006;LTB Enten Edition;
false;16;Das Dauer-Duell;18.05.2006;LTB Enten Edition;
false;17;Gesucht: Panzerknacker;24.08.2006;LTB Enten Edition;
false;18;Donalds 1001 Jobs;22.02.2007;LTB Enten Edition;
false;19;Düsentriebs verrückte Erfindungen;10.05.2007;LTB Enten Edition;
false;20;60 Jahre Onkel Dagobert;02.08.2007;LTB Enten Edition;
false;21;Die Superfamilie;07.02.2008;LTB Enten Edition;
false;22;Einsatz für Phantomias;08.05.2008;LTB Enten Edition;
false;23;Auf ins Abenteuer!;07.08.2008;LTB Enten Edition;
false;24;Vorfahrt für den 313;12.02.2009;LTB Enten Edition;
false;25;Oma ist die Beste;07.05.2009;LTB Enten Edition;
false;26;Super-Spione;06.08.2009;LTB Enten Edition;
false;27;Verwegene Vorfahren;11.02.2010;LTB Enten Edition;
false;28;Freund und Helfer;06.05.2010;LTB Enten Edition;
false;29;Die Waffen der Frauen;05.08.2010;LTB Enten Edition;
false;30;Der Boss von Entenhausen;10.02.2011;LTB Enten Edition;
false;31;Typisch Donald;05.05.2011;LTB Enten Edition;
false;32;Genie & Wahnsinn;04.08.2011;LTB Enten Edition;
false;33;Der einsame Held;17.02.2012;LTB Enten Edition;
false;34;Das Universal-Genie ;11.05.2012;LTB Enten Edition;
false;35;Hexerei mit Gundel Gaukeley;03.08.2012;LTB Enten Edition;
false;36;Zeit für uns;09.11.2012;LTB Enten Edition;
false;37;Nur die Liebe zählt;08.02.2013;LTB Enten Edition;
false;38;Franz kann's;10.05.2013;LTB Enten Edition;
false;39;Geheimakte Phantomias;02.08.2013;LTB Enten Edition;
false;40;Goldrausch;08.11.2013;LTB Enten Edition;
false;41;Dame von Welt;07.02.2014;LTB Enten Edition;
false;42;Ein bewegtes Leben;09.05.2014;LTB Enten Edition;
false;43;Typisch Dussel;08.08.2014;LTB Enten Edition;
false;44;Nette Nachbarn?!;07.11.2014;LTB Enten Edition;
false;45;Die besten Neffen der Welt;13.02.2015;LTB Enten Edition;
false;46;Der zerstreute Professor;08.05.2015;LTB Enten Edition;
false;47;Oma gibt Gas!;07.08.2015;LTB Enten Edition;
false;48;Mein Name ist Duck;06.11.2015;LTB Enten Edition;
false;49;Allzeit bereit! - 65 Jahre Fähnlein Fieselschweif;12.02.2016;LTB Enten Edition;
false;50;Jubelband 50;06.05.2016;LTB Enten Edition;
false;51;Ein Tag im Leben des Donald D.;05.08.2016;LTB Enten Edition;
false;52;65 Jahre Panzerknacker;04.11.2016;LTB Enten Edition;
false;53;Darf ich bitten?;10.02.2017;LTB Enten Edition;
false;54;Dem Ingeniör ist nichts zu schwör;05.05.2017;LTB Enten Edition;
false;55;Wir einfach unzertrennlich;04.08.2017;LTB Enten Edition;
false;56;Ein wahres Goldstück;03.11.2017;LTB Enten Edition;
false;57;Glück auf!;09.02.2018;LTB Enten Edition;
false;58;Der treue Diener seines Herrn;04.05.2018;LTB Enten Edition;
false;59;313 gibt Gas!;03.08.2018;LTB Enten Edition;
false;60;Verhext;02.11.2018;LTB Enten Edition;
false;61;Donalds Jahreszeiten;08.02.2019;LTB Enten Edition;
false;62;Donald 85;03.05.2019;LTB Enten Edition;
false;63;Einfach Dussel!;02.08.2019;LTB Enten Edition;
false;64;Meine Familie und ich;08.11.2019;LTB Enten Edition;
false;65;Gitta Ganz verliebt;07.02.2020;LTB Enten Edition;
false;66;Immer im Einsatz;07.05.2020;LTB Enten Edition;
false;67;Oma voll in Fahrt;07.08.2020;LTB Enten Edition;
false;68;Die Jagd nach dem Glückstaler;06.11.2020;LTB Enten Edition;
false;69;Kein Weg zu weit!;05.02.2021;LTB Enten Edition;
false;70;Auf den Hund gekommen;07.05.2021;LTB Enten Edition;
false;71;Explosive Experimente;06.08.2021;LTB Enten Edition;
false;1;50 Jahre Onkel Dagobert;28.10.1997;LTB Spezial;
false;2;30 Jahre LUSTIGES TASCHENBUCH;29.09.1998;LTB Spezial;
false;3;65 Jahre King of Comics;22.06.1999;LTB Spezial;
false;4;Verrücktes Jahrtausend;05.10.1999;LTB Spezial;
false;5;Der Spass zum Spiel;06.06.2000;LTB Spezial;
false;6;50 Jahre Panzerknacker;27.09.2001;LTB Spezial;
false;7;35 Jahre Lustiges Taschenbuch;08.03.2002;LTB Spezial;
false;8;Chaos im Kosmos;16.05.2002;LTB Spezial;
false;9;Sagenhaftes Entenhausen;20.03.2003;LTB Spezial;
false;10;Im Wilden Westen;05.06.2003;LTB Spezial;
false;11;Gangster, Gauner und Ganoven;25.09.2003;LTB Spezial;
false;12;Helden der Antike;08.03.2004;LTB Spezial;
false;13;70 Jahre Donald Duck;17.06.2004;LTB Spezial;
false;14;Magisches Entenhausen;23.09.2004;LTB Spezial;
false;15;Piraten;17.03.2005;LTB Spezial;
false;16;Film ab!;16.06.2005;LTB Spezial;
false;17;Abenteuer in Fernost;22.09.2005;LTB Spezial;
false;18;Ritter!;12.01.2006;LTB Spezial;
false;19;Reisen durch die Zeit;06.04.2006;LTB Spezial;
false;20;Monster-Alarm!;13.07.2006;LTB Spezial;
false;21;Goldfieber;05.10.2006;LTB Spezial;
false;22;Im Zeichen der Liebe;11.01.2007;LTB Spezial;
false;23;Extreme Expeditionen;11.04.2007;LTB Spezial;
false;24;Mit Mantel und Degen;11.07.2007;LTB Spezial;
false;25;Tatort Entenhausen;18.10.2007;LTB Spezial;
false;26;Im ewigen Eis;10.01.2008;LTB Spezial;
false;27;Geisterstunde in Entenhausen;10.04.2008;LTB Spezial;
false;28;Entenhausener Geschichten;10.07.2008;LTB Spezial;
false;29;Rund um die Welt;09.10.2008;LTB Spezial;
false;30;DUCK ENT AMUN;15.01.2009;LTB Spezial;
false;31;Alarm im All;09.04.2009;LTB Spezial;
false;32;Große Entdecker;09.07.2009;LTB Spezial;
false;33;Hits aus Entenhausen;08.10.2009;LTB Spezial;
false;34;Abenteuer unter Wasser;14.01.2010;LTB Spezial;
false;35;Vollgas!;15.04.2010;LTB Spezial;
false;36;Superhelden im Einsatz!;08.07.2010;LTB Spezial;
false;37;Das Gold der Inkas;07.10.2010;LTB Spezial;
false;38;Im Land der roten Sonne;20.01.2011;LTB Spezial;
false;39;Galaktisches Entenhausen;24.03.2011;LTB Spezial;
false;40;Abenteuer in der Antike;05.05.2011;LTB Spezial;
false;41;Wildwest;07.07.2011;LTB Spezial;
false;42;Horror;08.09.2011;LTB Spezial;
false;43;Das lustige Kochbuch;10.11.2011;LTB Spezial;
false;44;Abenteuer im Dschungel;19.01.2012;LTB Spezial;
false;45;Ohne Furcht und Tadel ;22.03.2012;LTB Spezial;
false;46;Landlust - Ferien auf dem Bauernhof! ;18.05.2012;LTB Spezial;
false;47;Medaillenjagd;13.07.2012;LTB Spezial;
false;48;Don Zorro;13.09.2012;LTB Spezial;
false;49;Die Welt der Spione;15.11.2012;LTB Spezial;
false;50;Entenhausener Helden;17.01.2013;LTB Spezial;
false;51;Auf Diamantenjagd;21.03.2013;LTB Spezial;
false;52;Märchen & Mythen;16.05.2013;LTB Spezial;
false;53;Bis ans Ende der Welt;18.07.2013;LTB Spezial;
false;54;Adel verpflichtet;12.09.2013;LTB Spezial;
false;55;Gipfelstürmer;21.11.2013;LTB Spezial;
false;56;Auf nach Westen;16.01.2014;LTB Spezial;
false;57;Auf hoher See;13.03.2014;LTB Spezial;
false;58;Abenteuer in Rio;15.05.2014;LTB Spezial;
false;59;Expedition in die Urzeit;17.07.2014;LTB Spezial;
false;60;Die Macht des Geldes;11.09.2014;LTB Spezial;
false;61;Eisiges Entenhausen;13.11.2014;LTB Spezial;
false;62;Piraten an Bord!;15.01.2015;LTB Spezial;
false;63;Mode, Models & Moneten;12.03.2015;LTB Spezial;
false;64;Verborgene Schätze;12.05.2015;LTB Spezial;
false;65;Am anderen Ende der Welt;16.07.2015;LTB Spezial;
false;66;Erstaunliche Entdeckungen;10.09.2015;LTB Spezial;
false;67;Zeitreisen;19.11.2015;LTB Spezial;
false;68;Alles Theater;14.01.2016;LTB Spezial;
false;69;Abenteuer in Südamerika;10.03.2016;LTB Spezial;
false;70;Selbst ist die Ente;12.05.2016;LTB Spezial;
false;71;Inselträume;14.07.2016;LTB Spezial;
false;72;Abenteuer unter Wasser;08.09.2016;LTB Spezial;
false;73;Ist das Kunst oder kann das weg?;18.11.2016;LTB Spezial;
false;74;Sir Donald und andere rüstige Recken;12.01.2017;LTB Spezial;
false;75;Goldstücke aus Entenhausen;09.03.2017;LTB Spezial;
false;76;Piraten auf Kaperfahrt!;11.05.2017;LTB Spezial;
false;77;Auf Safari;13.07.2017;LTB Spezial;
false;78;Superhelden;07.09.2017;LTB Spezial;
false;79;Enten, Mäuse, Sensationen!;16.11.2017;LTB Spezial;
false;80;Vergessene Welten;11.01.2018;LTB Spezial;
false;81;Mit Pfeil und Bogen;08.03.2018;LTB Spezial;
false;82;Der große Knall und andere Theorien;09.05.2018;LTB Spezial;
false;83;Ãœber den Wolken;12.07.2018;LTB Spezial;
false;84;Für eine Handvoll Taler;06.09.2018;LTB Spezial;
false;85;Skandal in Entenhausen;15.11.2018;LTB Spezial;
false;86;Ab in die Antike;10.01.2019;LTB Spezial;
false;87;Goldfieber;07.03.2019;LTB Spezial;
false;88;Sportstars;09.05.2019;LTB Spezial;
false;89;Landluft;11.07.2019;LTB Spezial;
false;90;Die üblichen Verdächtigen;12.09.2019;LTB Spezial;
false;91;Die Roboter kommen;14.11.2019;LTB Spezial;
false;92;Endspiel Entenhausen;09.01.2020;LTB Spezial;
false;93;Unglaubliche Geschichten;05.03.2020;LTB Spezial;
false;94;Reise nach Fernost;07.05.2020;LTB Spezial;
false;95;Ein Tag am Meer;09.07.2020;LTB Spezial;
false;96;Feuerwehr Entenhausen;10.09.2020;LTB Spezial;
false;97;Sternzeichen Ente;12.11.2020;LTB Spezial;
false;98;Im Land der Pharaonen;07.01.2021;LTB Spezial;
false;99;Achtung Baustelle!;11.03.2021;LTB Spezial;
false;100;Jubiläumsausgabe;06.05.2021;LTB Spezial;
false;101;Duck'n'Roll;08.07.2021;LTB Spezial;
false;102;Serienzeit!;09.09.2021;LTB Spezial;
false;1;Frohe Ostern Nr. 01 ;13.03.2009;LTB Festtagsspezial;
false;2;Frohe Ostern Nr. 02;25.02.2010;LTB Festtagsspezial;
false;3;Frohe Ostern Nr. 03;17.03.2011;LTB Festtagsspezial;
false;4;Frohe Ostern Nr. 04;09.03.2012;LTB Festtagsspezial;
false;5;Frohe Ostern Nr. 05;01.03.2013;LTB Festtagsspezial;
false;6;Frohe Ostern Nr. 06;21.03.2014;LTB Festtagsspezial;
false;7;Frohe Ostern Nr. 07;06.03.2015;LTB Festtagsspezial;
false;8;Frohe Ostern Nr. 08;03.03.2016;LTB Festtagsspezial;
false;9;Frohe Ostern Nr. 09;23.03.2017;LTB Festtagsspezial;
false;10;Frohe Ostern Nr. 10;06.03.2018;LTB Festtagsspezial;
false;11;Frohe Ostern Nr. 11;26.03.2019;LTB Festtagsspezial;
false;12;Frohe Ostern Nr. 12;17.03.2020;LTB Festtagsspezial;
false;13;Frohe Ostern Nr. 13;04.03.2021;LTB Festtagsspezial;
false;13;Frohes Fest in Entenhausen Nr. 13 ;05.11.2007;LTB Festtagsspezial;
false;14;Frohes Fest in Entenhausen Nr. 14;05.11.2008;LTB Festtagsspezial;
false;15;Frohes Fest in Entenhausen Nr. 15 ;05.11.2009;LTB Festtagsspezial;
false;16;Frohes Fest in Entenhausen Nr. 16 ;03.11.2010;LTB Festtagsspezial;
false;17;Frohes Fest in Entenhausen Nr. 17;02.11.2011;LTB Festtagsspezial;
false;3;Halloween 3;29.09.2017;LTB Festtagsspezial;
false;1;LTB Advent 1;16.10.2015;LTB Festtagsspezial;
false;2;LTB Advent 2;14.10.2016;LTB Festtagsspezial;
false;3;LTB Advent 3;13.10.2017;LTB Festtagsspezial;
false;4;LTB Advent 4;09.10.2018;LTB Festtagsspezial;
false;1;LTB Halloween 1;01.10.2015;LTB Festtagsspezial;
false;2;LTB Halloween 2;30.09.2016;LTB Festtagsspezial;
false;4;LTB Halloween 4;28.09.2018;LTB Festtagsspezial;
false;18;LTB Weihnachten Nr. 18 - Frohes Fest in Entenhausen;02.11.2012;LTB Festtagsspezial;
false;19;LTB Weihnachten Nr. 19 - Frohes Fest in Entenhausen;05.11.2013;LTB Festtagsspezial;
false;20;LTB Weihnachten Nr. 20 - Frohes Fest in Entenhausen;04.11.2014;LTB Festtagsspezial;
false;21;LTB Weihnachten Nr. 21 - Frohes Fest in Entenhausen;03.11.2015;LTB Festtagsspezial;
false;22;LTB Weihnachten Nr. 22 - Frohes Fest in Entenhausen;03.11.2016;LTB Festtagsspezial;
false;23;LTB Weihnachten Nr. 23 - Frohes Fest in Entenhausen;02.11.2017;LTB Festtagsspezial;
false;24;LTB Weihnachten Nr. 24 - Frohes Fest in Entenhausen;02.11.2018;LTB Festtagsspezial;
false;25;LTB Weihnachten Nr. 25 - Frohes Fest in Entenhausen;05.11.2019;LTB Festtagsspezial;
false;26;LTB Weihnachten Nr. 26 - Frohes Fest in Entenhausen;03.11.2020;LTB Festtagsspezial;
false;27;LTB Weihnachten Nr. 27 - Frohes Fest in Entenhausen;02.11.2021;LTB Festtagsspezial;
false;1;LTB Winter 1;04.01.2019;LTB Festtagsspezial;
false;4;Weihnachten in Entenhausen Nr. 04;01.01.1997;LTB Festtagsspezial;
false;5;Weihnachten in Entenhausen Nr. 05 ;01.01.1998;LTB Festtagsspezial;
false;6;Weihnachten in Entenhausen Nr. 06 ;19.10.2000;LTB Festtagsspezial;
false;7;Weihnachten in Entenhausen Nr. 07 ;23.10.2001;LTB Festtagsspezial;
false;8;Weihnachten in Entenhausen Nr. 08 ;01.01.2002;LTB Festtagsspezial;
false;9;Weihnachten in Entenhausen Nr. 09 ;23.10.2003;LTB Festtagsspezial;
false;11;Weihnachten in Entenhausen Nr. 11 ;01.11.2005;LTB Festtagsspezial;
false;12;Weihnachten in Entenhausen Nr. 12 ;02.11.2006;LTB Festtagsspezial;
false;10;Weihnachten in EntenhausenNr. 10;21.10.2004;LTB Festtagsspezial;
false;1;Weihnachtsgeschichten Nr. 01 ;01.01.1994;LTB Festtagsspezial;
false;2;Weihnachtsgeschichten Nr. 02 ;01.01.1995;LTB Festtagsspezial;
false;3;Weihnachtsgeschichten Nr. 03 ;01.01.1996;LTB Festtagsspezial;
false;1;LTB Mini Pocket;13.07.2004;LTB Pocket;
false;2;LTB Mini Pocket;13.07.2004;LTB Pocket;
false;3;LTB Mini Pocket;07.07.2005;LTB Pocket;
false;4;LTB Mini Pocket;07.07.2005;LTB Pocket;
false;5;LTB Mini Pocket;01.08.2008;LTB Pocket;
false;6;LTB Mini Pocket;01.08.2008;LTB Pocket;
false;7;LTB Mini Pocket;26.06.2009;LTB Pocket;
false;8;LTB Mini Pocket;26.06.2009;LTB Pocket;
false;9;LTB Mini Pocket;25.06.2010;LTB Pocket;
false;10;LTB Mini Pocket;25.06.2010;LTB Pocket;
false;1;Extra Fußball-Fieber Nr. 01 ;12.05.2006;LTB Sonderband;
false;1;English Edition Nr. 01 ;01.07.2009;LTB Sonderband;
false;2;English Edition Nr. 02;25.08.2009;LTB Sonderband;
false;1;Collection - Die Krone der Magie Nr. 01 ;30.09.2009;LTB Sonderband;
false;2;Collection - Das dunkle Zeitalter Nr. 02 ;14.10.2009;LTB Sonderband;
false;2;Extra Anpfiff! Nr. 02 ;21.05.2010;LTB Sonderband;
false;3;English Edition Nr. 03 ;15.07.2010;LTB Sonderband;
false;4;English Edition Nr. 04 ;02.09.2010;LTB Sonderband;
false;3;Collection - Das Ende einer Ära Nr. 03 ;29.09.2010;LTB Sonderband;
false;4;Collection - Die Neue Welt Nr. 04 ;13.10.2010;LTB Sonderband;
false;1;LTB Premium - Ultrahelden Nr. 01 ;24.02.2011;LTB Sonderband;
false;1;Maus Edition 1 â€“ Der Meisterdetektiv;14.04.2011;LTB Sonderband;
false;1;LTB Sommer;27.06.2011;LTB Sonderband;
false;5;English Edition Nr. 05 ;14.07.2011;LTB Sonderband;
false;6;English Edition Nr. 06;01.09.2011;LTB Sonderband;
false;2;LTB Premium Nr.2 - Der neue Phantomias ;23.02.2012;LTB Sonderband;
false;2;LTB Maus Edition 2 - Der beste Freund;12.04.2012;LTB Sonderband;
false;2;LTB Sommer 2;25.06.2012;LTB Sonderband;
false;7;English Edition Nr. 07;12.07.2012;LTB Sonderband;
false;8;English Edition Nr. 08;06.09.2012;LTB Sonderband;
false;3;LTB Premium 3 - Micky X;05.10.2012;LTB Sonderband;
false;1;Fantasy Nr. 1;25.01.2013;LTB Sonderband;
false;4;LTB Premium 4 - Der neue Phantomias kehrt zurück;28.02.2013;LTB Sonderband;
false;2;Fantasy Nr. 2;22.03.2013;LTB Sonderband;
false;3;LTB Maus Edition 3 - Die größten Gegner;12.04.2013;LTB Sonderband;
false;3;Fantasy Nr. 3;24.05.2013;LTB Sonderband;
false;1;LTB Royal 1 - Der Thronfolger und andere königliche Geschichten;11.06.2013;LTB Sonderband;
false;3;LTB Sommer 3;24.06.2013;LTB Sonderband;
false;4;Fantasy Nr. 4;26.07.2013;LTB Sonderband;
false;5;Fantasy Nr. 5;27.09.2013;LTB Sonderband;
false;6;LTB Premium 5 -  Darkwing Duck - Der Schrecken der Nacht;04.10.2013;LTB Sonderband;
false;4;LTB Maus Edition 4 -  Alles Gute!;30.10.2013;LTB Sonderband;
false;6;Fantasy Nr. 6;29.11.2013;LTB Sonderband;
false;1;History Nr. 1 - Geheimnisse der Frühgeschichte;10.01.2014;LTB Sonderband;
false;6;LTB Premium 6 - Micky X ist wieder da!;27.02.2014;LTB Sonderband;
false;2;History Nr. 2 - Abenteuer der Antike;14.03.2014;LTB Sonderband;
false;5;LTB Maus-Edition 5 - Micky in Gefahr;11.04.2014;LTB Sonderband;
false;3;LTB History 3 - Gefahren im Mittelalter;16.05.2014;LTB Sonderband;
false;2;Extra Reif für den Titel? Nr. 03 ;22.05.2014;LTB Sonderband;
false;4;LTB Sommer 4;23.06.2014;LTB Sonderband;
false;4;LTB History 4 - Geschichten der Renaissance;11.07.2014;LTB Sonderband;
false;5;LTB History 5 - Reisen in die Neue Welt;19.09.2014;LTB Sonderband;
false;7;LTB Premium 7 - Der neue Phantomias greift an;17.10.2014;LTB Sonderband;
false;6;LTB History 6 -  Ereignisse der Moderne;21.11.2014;LTB Sonderband;
false;1;Lustiges Taschenbuch Exklusiv Band 1;30.01.2007;LTB Exklusiv;
false;1;40 Jahre LTB 1967-1977 Band 1;18.09.2007;LTB Exklusiv;
false;2;40 Jahre LTB 1977-1987 Band 2;18.09.2007;LTB Exklusiv;
false;3;40 Jahre LTB 1987-1997 Band 3;26.09.2007;LTB Exklusiv;
false;4;40 Jahre LTB -1997 - 2007 Band 4;08.10.2007;LTB Exklusiv;
false;2;Lustiges Taschenbuch Exklusiv Band 2;24.03.2008;LTB Exklusiv;
false;1;LTB Sonderedition Micky Maus Band 1 - Meine aufregenden Abenteuer;30.10.2008;LTB Exklusiv;
false;2;LTB Sonderedition Micky Maus Band 2 - Meine furiosen Fälle;06.11.2008;LTB Exklusiv;
false;3;LTB Sonderedition Micky Maus Band 3 - Meine extremen Expeditionen;11.11.2008;LTB Exklusiv;
false;4;LTB Sonderedition Micky Maus Band 4 - Meine fantastischen Freunde;20.11.2008;LTB Exklusiv;
false;1;LTB Sonderedition, 75 Jahre Donald Band 1;20.05.2009;LTB Exklusiv;
false;2;LTB Sonderedition, 75 Jahre Donald Band 2;28.05.2009;LTB Exklusiv;
false;3;LTB Sonderedition, 75 Jahre Donald Band 3;03.06.2009;LTB Exklusiv;
false;4;LTB Sonderedition, 75 Jahre Donald Band 4;10.06.2009;LTB Exklusiv;
false;1;LTB Sonderedition 400 Band 1, DAS BESTE aus 001 - 100;03.03.2010;LTB Exklusiv;
false;2;LTB Sonderedition 400 Band 2, DAS BESTE aus 101 - 200;10.03.2010;LTB Exklusiv;
false;3;LTB Sonderedition 400 Band 3, DAS BESTE aus 201 - 300;17.03.2010;LTB Exklusiv;
false;4;LTB Sonderedition 400 Band 4, DAS BESTE aus 301 - 400;24.03.2010;LTB Exklusiv;
false;1;LTB Sonderedition Panzerknacker - 176-761;02.11.2011;LTB Exklusiv;
false;2;LTB Sonderedition Panzerknacker - 176-671;09.11.2011;LTB Exklusiv;
false;3;LTB Sonderedition Panzerknacker - 176-617;16.11.2011;LTB Exklusiv;
false;4;LTB Sonderedition Panzerknacker - Begnadigt;23.11.2011;LTB Exklusiv;
false;1;Aus dem Leben eines Milliardärs Band 1;02.11.2012;LTB Exklusiv;
false;2;Aus dem Leben eines Milliardärs Band 2;09.11.2012;LTB Exklusiv;
false;3;Aus dem Leben eines Milliardärs Band 3;16.11.2012;LTB Exklusiv;
false;4;Aus dem Leben eines Milliardärs Band 4;23.11.2012;LTB Exklusiv;
false;1;Sonderedition LTB BILD Geburtstagsedition Band 1, Die besten Comics mit Donald Duck;28.10.2013;LTB Exklusiv;
false;2;Sonderedition LTB BILD Geburtstagsedition Band 2, Die besten Comics mit Tick, Trick & Track;04.11.2013;LTB Exklusiv;
false;3;Sonderedition LTB BILD Geburtstagsedition Band 3, Die besten Comics mit Dagobert Duck;11.11.2013;LTB Exklusiv;
false;4;Sonderedition LTB BILD Geburtstagsedition Band 4, Die besten Comics mit Micky Maus;18.11.2013;LTB Exklusiv;
false;1;80 Jahre Donald Duck, Band 1;01.04.2014;LTB Exklusiv;
false;2;81 Jahre Donald Duck, Band 2;08.04.2014;LTB Exklusiv;
false;3;82 Jahre Donald Duck, Band 3;15.04.2014;LTB Exklusiv;
false;4;83 Jahre Donald Duck, Band 4;22.04.2014;LTB Exklusiv;
false;1;LTB Geschenk, Band 1 - Alles Gute!;28.10.2014;LTB Exklusiv;
false;2;LTB Geschenk, Band 2 - Vielen Dank!;28.10.2014;LTB Exklusiv;
false;3;LTB Geschenk, Band 3 - Alles Liebe!;28.10.2014;LTB Exklusiv;
false;3;LTB Exklusiv 3;04.11.2014;LTB Exklusiv;
false;1;Entenstarke Frauen Band 1, Gundel Gaukeley;07.04.2015;LTB Exklusiv;
false;2;Entenstarke Frauen Band 2, Gitta Gans;28.04.2015;LTB Exklusiv;
false;3;Entenstarke Frauen Band 3, Minnie Maus;19.05.2015;LTB Exklusiv;
false;4;Entenstarke Frauen Band 4, Daisy Duck;09.06.2015;LTB Exklusiv;
false;1;Entenhausens Unterwelt Band 1, Das schwarze Phantom;05.02.2016;LTB Exklusiv;
false;2;Entenhausens Unterwelt Band 2, Gundel Gaukeley;19.02.2016;LTB Exklusiv;
false;3;Entenhausens Unterwelt Band 3, Kater Karlo;04.03.2016;LTB Exklusiv;
false;4;Entenhausens Unterwelt Band 4, Die Panzerknacker;18.03.2016;LTB Exklusiv;
false;1;LTB Fan-Edition Band 1;01.09.2017;LTB Exklusiv;
false;2;LTB Fan-Edition Band 2;15.09.2017;LTB Exklusiv;
false;3;LTB Fan-Edition Band 3;29.09.2017;LTB Exklusiv;
false;4;LTB Fan-Edition Band 4;13.10.2017;LTB Exklusiv;
false;5;LTB Fan-Edition Band 5;27.10.2017;LTB Exklusiv;
false;4;LTB Exklusiv Band 4;17.09.2018;LTB Exklusiv;
false;1;Micky's Memoiren Band 1;04.10.2018;LTB Exklusiv;
false;2;Micky's Memoiren Band 2;18.10.2018;LTB Exklusiv;
false;3;Micky's Memoiren Band 3;02.11.2018;LTB Exklusiv;
false;4;Micky's Memoiren Band 4;15.11.2018;LTB Exklusiv;
false;1;Literatur aus Entenhausen 1;14.10.2020;LTB Exklusiv;
false;2;Literatur aus Entenhausen 2;14.10.2020;LTB Exklusiv;
false;3;Literatur aus Entenhausen 3;14.10.2020;LTB Exklusiv;
false;4;Literatur aus Entenhausen 4;14.10.2020;LTB Exklusiv;
false;1;Film 1;26.04.2021;LTB Exklusiv;
false;2;Film 2;26.04.2021;LTB Exklusiv;
false;3;Film 3;26.04.2021;LTB Exklusiv;
false;3;Film 4;26.04.2021;LTB Exklusiv;
